# ADC dogrusallik supurmesi — 2026-09-13, kartta olculdu
# Kaynak: CAL (GPIO10) PWM 20 kHz, 10 bit gorev + 2 kademe RC (10K/100nF x2)
# GPIO4: skop yakalamasi (tb3, 833 ornek) VE wR (300 ornek); GPIO5: wR (300 ornek)
# kalibre_mv: Espressif eFuse egri semasi (adc_cali_raw_to_voltage)
# Uretici: uretim/tezgah_adc_supur.py
gorev_promil,gpio4_skop_ort,gpio4_skop_std,gpio4_skop_n,gpio4_wr_ort,gpio4_wr_min,gpio4_wr_max,gpio4_kalibre_mv,gpio5_wr_ort,gpio5_wr_min,gpio5_wr_max,gpio5_kalibre_mv,gpio5_durum,gpio5_wr_yayilim,cekme_v_yuzde,cekme_i_yuzde
0,0.00,0.00,833,0.00,0,0,0,0.00,0,0,0,surulu,0,58,58
10,9.68,1.71,833,11.07,2,20,8,10.36,4,19,8,surulu,15,58,58
20,44.55,1.81,833,43.92,37,52,40,43.69,37,55,40,surulu,18,58,58
30,86.13,1.87,833,87.44,75,94,78,87.31,79,104,79,surulu,25,59,59
40,122.27,1.53,833,120.30,107,132,110,119.77,104,127,108,surulu,23,59,59
50,159.28,2.39,833,159.03,147,167,143,158.16,142,167,142,surulu,25,59,59
60,200.99,2.21,833,199.31,189,211,181,198.80,187,204,180,surulu,17,59,59
70,237.05,1.84,833,236.74,229,251,213,236.52,229,252,213,surulu,23,59,59
80,274.01,2.41,833,273.96,256,278,245,273.59,264,282,245,surulu,18,60,60
90,311.71,2.69,833,314.12,303,367,279,315.18,304,396,281,surulu,92,60,60
100,352.77,3.03,833,350.14,341,357,314,349.66,342,359,311,surulu,17,60,60
110,392.54,1.77,833,392.61,381,405,348,392.41,379,407,348,surulu,28,60,60
120,428.27,6.76,833,427.70,415,440,379,427.31,419,441,378,surulu,22,60,60
130,469.64,9.55,833,463.88,457,472,415,463.67,454,473,410,surulu,19,60,60
140,502.86,1.74,833,502.26,493,509,444,502.13,493,507,442,surulu,14,60,60
150,541.48,1.98,833,538.65,525,552,477,538.09,522,551,473,surulu,29,61,61
160,583.26,2.08,833,583.90,573,591,513,583.66,575,589,513,surulu,14,61,61
170,621.39,1.99,833,619.39,613,623,543,619.29,613,626,541,surulu,13,61,61
180,658.61,2.35,833,657.55,651,665,576,656.97,648,663,574,surulu,15,61,61
190,693.50,1.89,833,692.38,681,697,606,692.60,685,702,605,surulu,17,61,61
200,734.84,2.34,833,733.53,725,743,640,733.34,725,741,638,surulu,16,61,61
210,774.53,5.40,833,771.01,758,779,674,771.06,763,779,671,surulu,16,61,61
220,811.16,1.84,833,809.32,805,814,704,808.97,797,814,703,surulu,17,61,61
230,850.08,2.72,833,845.52,831,871,737,845.05,826,855,733,surulu,29,61,61
240,887.79,1.71,833,886.09,879,892,769,886.01,878,893,766,surulu,15,61,61
250,925.83,1.94,833,923.64,915,935,800,923.26,915,933,797,surulu,18,61,61
260,965.04,2.45,833,960.90,953,973,833,961.07,951,970,829,surulu,19,62,62
270,998.88,1.77,833,1000.55,990,1063,861,1005.05,991,1174,865,surulu,183,62,62
280,1041.20,2.46,833,1038.13,1033,1047,897,1038.02,1032,1045,894,surulu,13,62,62
290,1081.51,1.55,833,1080.42,1075,1087,931,1080.20,1071,1087,928,surulu,16,62,62
300,1117.61,2.03,833,1116.15,1110,1127,960,1116.00,1109,1133,959,surulu,24,62,62
310,1160.20,1.74,833,1156.85,1147,1187,996,1155.72,1140,1173,992,surulu,33,62,62
320,1195.84,1.72,833,1192.53,1174,1198,1025,1192.40,1183,1206,1022,surulu,23,62,62
330,1237.88,1.93,833,1236.20,1229,1242,1061,1236.10,1228,1241,1058,surulu,13,62,62
340,1272.84,13.77,833,1273.58,1267,1279,1089,1273.58,1262,1285,1091,surulu,23,62,62
350,1318.38,1.60,833,1314.58,1305,1321,1127,1314.53,1309,1321,1125,surulu,12,62,62
360,1358.18,2.36,833,1353.78,1341,1363,1160,1353.77,1343,1365,1157,surulu,22,62,62
370,1398.92,1.84,833,1395.28,1387,1402,1194,1395.21,1387,1401,1191,surulu,14,62,62
380,1435.41,1.73,833,1432.16,1426,1442,1225,1431.97,1421,1439,1222,surulu,18,63,63
390,1477.01,3.34,833,1470.42,1465,1481,1260,1470.20,1465,1483,1254,surulu,18,63,63
400,1511.48,2.14,833,1511.97,1503,1517,1289,1511.73,1491,1523,1289,surulu,32,63,63
410,1556.43,1.66,833,1551.22,1543,1581,1325,1550.83,1545,1574,1323,surulu,29,63,63
420,1597.07,1.75,833,1594.44,1589,1605,1361,1594.28,1588,1605,1358,surulu,17,63,63
430,1637.68,1.97,833,1633.90,1627,1641,1395,1633.88,1625,1641,1392,surulu,16,63,63
440,1674.40,1.62,833,1671.71,1654,1678,1424,1671.36,1657,1677,1422,surulu,20,63,63
450,1712.53,2.48,833,1707.10,1630,1719,1457,1702.86,1529,1718,1450,surulu,189,63,63
460,1756.46,1.82,833,1752.34,1742,1758,1494,1752.27,1741,1759,1490,surulu,18,63,63
470,1791.44,4.04,833,1790.30,1783,1801,1523,1789.80,1783,1807,1523,surulu,24,63,63
480,1835.13,1.75,833,1832.90,1822,1845,1561,1832.59,1824,1837,1559,surulu,13,63,63
490,1874.73,2.34,833,1866.11,1861,1871,1593,1866.08,1855,1877,1588,surulu,22,63,63
500,1913.94,2.98,833,1910.53,1903,1925,1627,1910.90,1899,1941,1624,surulu,42,63,63
510,1953.22,3.40,833,1945.68,1933,1957,1659,1945.23,1929,1958,1653,surulu,29,63,63
520,1991.49,3.88,833,1986.41,1979,1994,1691,1985.80,1979,1993,1687,surulu,14,63,63
530,2028.47,1.73,833,2026.02,2023,2035,1723,2025.39,2016,2030,1719,surulu,14,63,63
540,2073.12,1.64,833,2069.21,2059,2078,1761,2069.02,2057,2079,1757,surulu,22,63,63
550,2112.59,3.33,833,2107.00,2102,2117,1794,2106.49,2100,2115,1789,surulu,15,63,63
560,2149.56,2.66,833,2150.04,2139,2171,1824,2149.73,2141,2173,1824,surulu,32,63,63
570,2187.34,5.88,833,2188.43,2173,2215,1856,2187.61,2175,2203,1856,surulu,28,64,64
580,2217.41,2.26,833,2220.47,2215,2231,1881,2220.06,2211,2229,1883,surulu,18,63,63
590,2268.60,1.75,833,2266.76,2262,2279,1924,2266.49,2253,2275,1922,surulu,22,64,64
600,2310.42,2.21,833,2302.17,2293,2312,1959,2301.94,2295,2313,1952,surulu,18,64,64
610,2347.07,1.60,833,2344.75,2341,2349,1989,2344.11,2339,2349,1987,surulu,10,64,64
620,2388.60,1.86,833,2380.78,2303,2393,2024,2379.59,2280,2393,2017,surulu,113,64,64
630,2424.43,1.57,833,2420.19,2413,2427,2054,2419.92,2413,2426,2049,surulu,13,64,64
640,2467.80,2.64,833,2462.70,2457,2477,2089,2462.11,2453,2471,2085,surulu,18,64,64
650,2504.51,2.43,833,2495.68,2487,2505,2120,2495.39,2487,2507,2113,surulu,20,65,65
660,2542.62,2.50,833,2538.25,2531,2549,2151,2537.60,2527,2543,2147,surulu,16,65,65
670,2588.05,1.75,833,2583.05,2575,2589,2188,2582.84,2571,2595,2184,surulu,24,65,65
680,2629.67,2.35,833,2623.12,2611,2631,2222,2622.61,2614,2632,2217,surulu,18,66,65
690,2666.90,1.70,833,2667.02,2662,2675,2252,2666.90,2661,2675,2252,surulu,14,66,66
700,2707.79,2.14,833,2707.35,2700,2716,2284,2707.24,2698,2715,2284,surulu,17,66,66
710,2745.83,1.75,833,2741.59,2734,2749,2316,2741.25,2731,2751,2311,surulu,20,66,66
720,2791.63,1.84,833,2788.27,2781,2795,2352,2787.88,2778,2793,2349,surulu,15,66,66
730,2833.42,2.62,833,2826.68,2815,2853,2384,2826.25,2813,2836,2379,surulu,23,67,67
740,2871.98,2.29,833,2866.64,2857,2885,2414,2866.11,2855,2877,2409,surulu,22,67,67
750,2913.70,3.14,833,2908.96,2899,2919,2448,2909.49,2902,2925,2443,surulu,23,67,67
760,2955.56,3.04,833,2950.21,2937,2963,2479,2950.64,2936,2989,2475,surulu,53,67,67
770,2996.56,2.65,833,2998.28,2991,3005,2512,2998.24,2987,3005,2512,surulu,18,68,68
780,3045.44,1.98,833,3043.55,3033,3049,2546,3043.23,3033,3053,2545,surulu,20,68,68
790,3096.89,1.86,833,3093.01,3081,3106,2585,3092.98,3081,3110,2582,surulu,29,68,68
800,3142.30,2.75,833,3133.75,3119,3143,2619,3133.73,3126,3143,2612,surulu,17,68,68
810,3192.52,5.13,833,3186.03,3179,3194,2656,3185.54,3179,3193,2651,surulu,14,69,69
820,3240.06,2.38,833,3232.46,3225,3239,2689,3231.81,3223,3238,2683,surulu,15,69,69
830,3287.87,2.47,833,3280.80,3260,3290,2722,3280.50,3270,3301,2717,surulu,31,69,69
840,3338.37,3.28,833,3325.58,3313,3339,2757,3325.76,3317,3340,2748,surulu,23,69,69
850,3390.91,4.34,833,3387.30,3375,3403,2793,3386.92,3375,3406,2789,surulu,31,70,70
860,3449.46,2.53,833,3440.97,3431,3464,2831,3440.68,3431,3461,2825,surulu,30,70,70
870,3496.07,4.72,833,3498.51,3478,3508,2859,3498.32,3488,3509,2861,surulu,21,70,70
880,3557.04,3.15,833,3549.97,3543,3564,2897,3548.91,3539,3560,2891,surulu,21,70,70
890,3617.80,5.38,833,3611.98,3597,3625,2934,3611.86,3599,3635,2930,surulu,36,71,71
900,3678.46,3.23,833,3672.59,3661,3685,2969,3672.66,3657,3687,2965,surulu,30,71,71
910,3743.79,5.82,833,3737.05,3726,3750,3004,3736.57,3725,3748,3000,surulu,23,70,70
920,3807.38,3.76,833,3798.21,3786,3805,3036,3798.06,3785,3815,3032,surulu,30,70,70
930,3869.71,3.35,833,3860.87,3813,3871,3067,3859.56,3795,3877,3064,surulu,82,70,70
940,3940.70,3.87,833,3932.81,3918,3951,3099,3932.39,3915,3955,3095,surulu,40,69,69
950,4007.76,5.10,833,4006.19,3987,4041,3128,4004.73,3991,4023,3126,surulu,32,69,69
960,4078.05,3.99,833,4073.46,4062,4091,3154,4072.51,4059,4088,3153,surulu,29,68,68
970,4095.00,0.00,833,4095.00,4095,4095,3160,4095.00,4095,4095,3160,surulu,0,68,68
980,4095.00,0.00,833,4095.00,4095,4095,3160,4095.00,4095,4095,3160,surulu,0,67,67
990,4095.00,0.00,833,4095.00,4095,4095,3160,4095.00,4095,4095,3160,surulu,0,67,67
1000,4095.00,0.00,833,4095.00,4095,4095,3160,4095.00,4095,4095,3160,surulu,0,66,66
